{
  "lang":"en",
  "name":"pipeline",
  "version":"0.0.0",
  "spacy_version":">=3.3.1,<3.4.0",
  "description":"",
  "author":"",
  "email":"",
  "url":"",
  "license":"",
  "spacy_git_version":"5fb597f77",
  "vectors":{
    "width":0,
    "vectors":0,
    "keys":0,
    "name":null,
    "mode":"default"
  },
  "labels":{
    "tok2vec":[

    ],
    "ner":[
      "College Name",
      "Company",
      "Degree",
      "Email Address",
      "Graduation Year",
      "Location",
      "Name",
      "Role",
      "Skills",
      "UNKNOWN",
      "Years of Experience"
    ]
  },
  "pipeline":[
    "tok2vec",
    "ner"
  ],
  "components":[
    "tok2vec",
    "ner"
  ],
  "disabled":[

  ],
  "performance":{
    "ents_f":0.3831775701,
    "ents_p":0.5394736842,
    "ents_r":0.2971014493,
    "ents_per_type":{
      "Name":{
        "p":0.9069767442,
        "r":0.7647058824,
        "f":0.829787234
      },
      "Company":{
        "p":0.3846153846,
        "r":0.0793650794,
        "f":0.1315789474
      },
      "Role":{
        "p":0.3780487805,
        "r":0.2792792793,
        "f":0.3212435233
      },
      "Location":{
        "p":0.5769230769,
        "r":0.3448275862,
        "f":0.4316546763
      },
      "Graduation Year":{
        "p":0.5,
        "r":0.2888888889,
        "f":0.3661971831
      },
      "Skills":{
        "p":0.2666666667,
        "r":0.1951219512,
        "f":0.2253521127
      },
      "Email Address":{
        "p":0.7619047619,
        "r":0.3902439024,
        "f":0.5161290323
      },
      "Degree":{
        "p":0.62,
        "r":0.5740740741,
        "f":0.5961538462
      },
      "College Name":{
        "p":0.5882352941,
        "r":0.3773584906,
        "f":0.4597701149
      },
      "Years of Experience":{
        "p":0.6666666667,
        "r":0.1111111111,
        "f":0.1904761905
      }
    },
    "tok2vec_loss":1154.3422095409,
    "ner_loss":670.6046965778
  }
}