{
  "lang":"en",
  "name":"pipeline",
  "version":"0.0.0",
  "spacy_version":">=3.3.1,<3.4.0",
  "description":"",
  "author":"",
  "email":"",
  "url":"",
  "license":"",
  "spacy_git_version":"5fb597f77",
  "vectors":{
    "width":0,
    "vectors":0,
    "keys":0,
    "name":null,
    "mode":"default"
  },
  "labels":{
    "tok2vec":[

    ],
    "ner":[
      "College Name",
      "Company",
      "Degree",
      "Email Address",
      "Graduation Year",
      "Location",
      "Name",
      "Role",
      "Skills",
      "UNKNOWN",
      "Years of Experience"
    ]
  },
  "pipeline":[
    "tok2vec",
    "ner"
  ],
  "components":[
    "tok2vec",
    "ner"
  ],
  "disabled":[

  ],
  "performance":{
    "ents_f":0.4717407687,
    "ents_p":0.4913657771,
    "ents_r":0.4536231884,
    "ents_per_type":{
      "Name":{
        "p":0.9183673469,
        "r":0.8823529412,
        "f":0.9
      },
      "Role":{
        "p":0.3333333333,
        "r":0.3783783784,
        "f":0.3544303797
      },
      "Location":{
        "p":0.5263157895,
        "r":0.4597701149,
        "f":0.490797546
      },
      "Email Address":{
        "p":0.7333333333,
        "r":0.8048780488,
        "f":0.7674418605
      },
      "Graduation Year":{
        "p":0.3461538462,
        "r":0.4,
        "f":0.3711340206
      },
      "College Name":{
        "p":0.3913043478,
        "r":0.5094339623,
        "f":0.4426229508
      },
      "Skills":{
        "p":0.4,
        "r":0.1951219512,
        "f":0.262295082
      },
      "Degree":{
        "p":0.5507246377,
        "r":0.7037037037,
        "f":0.6178861789
      },
      "Company":{
        "p":0.4803149606,
        "r":0.3227513228,
        "f":0.3860759494
      },
      "Years of Experience":{
        "p":0.25,
        "r":0.0555555556,
        "f":0.0909090909
      }
    },
    "tok2vec_loss":734.1820890289,
    "ner_loss":1278.224491073
  }
}